{
  "inertia": 11282.87088988958,
  "silhouette_score": 0.035714788236901995,
  "cluster_sizes": {
    "0": 230,
    "1": 148,
    "2": 122
  },
  "pca_explained_variance_ratio": [
    0.07011118146536675,
    0.06611537893117532
  ]
}